"Product Name","Product ID","Review Text","Review Rating","Review Date","Reviewer Verified","Label"
"Nike Tanjun Sneakers Men","itm8e91ca2199e63","5Light weight white Nike shoes at affordable price","5.0","Jan, 2024","Yes","positive"
"Nike Tanjun Sneakers Men","itm8e91ca2199e63","5Very comfortable","5.0","Oct, 2023","Yes","positive"
"Nike Tanjun Sneakers Men","itm8e91ca2199e63","5Nice shoes","5.0","Nov, 2023","Yes","positive"
"Nike Tanjun Sneakers Men","itm8e91ca2199e63","5I am very happy to see the box with the best pair of shoes .The quality is top-notch and their designs are always on-trend. Whether you're into sports or just want stylish footwear üëüNike has got you covered.Highly recommended üíØüåüüî•Perfect size in natureüëçThank youü§©ü§©","5.0","10 months ago","Yes","positive"
"Nike Tanjun Sneakers Men","itm8e91ca2199e63","4Impressive","4.0","4 months ago","Yes","neutral"
"Nike Tanjun Sneakers Men","itm8e91ca2199e63","4Not bad al all.... For this prize segment","4.0","9 months ago","Yes","neutral"
"Nike Tanjun Sneakers Men","itm8e91ca2199e63","5Luxury product","5.0","10 months ago","Yes","positive"
"Nike Tanjun Sneakers Men","itm8e91ca2199e63","5Nice shoes","5.0","Dec, 2023","Yes","positive"
"Nike Tanjun Sneakers Men","itm8e91ca2199e63","5Thank you Flipkart your product is absolutely genuine iam satisfied with your Nike shoes","5.0","Dec, 2023","Yes","positive"
"Nike Tanjun Sneakers Men","itm8e91ca2199e63","5Good product","5.0","Dec, 2023","Yes","positive"
"Nike Tanjun Sneakers Men","itm8e91ca2199e63","3It's not like standard quality of Nike","3.0","Oct, 2023","Yes","negative"
"Nike Tanjun Sneakers Men","itm8e91ca2199e63","1Poor q","1.0","Oct, 2023","Yes","negative"
"Nike Tanjun Sneakers Men","itm8e91ca2199e63","2Average shoee","2.0","Oct, 2023","Yes","negative"
"Blue Star 2024 Model 0 8 Ton 3 Split Inverter Ac White","itm0addbca1ef446","The product us awesome... I have bought 5 star model... It has good features and wi fi connect.. Also product quality was goodDelivery was good... But i received the product in delay of extra 7 days.. May be some issue with delivery partner...but packaging was good... More over they are doing open box delivery and cross checking if everything is fine or not...In the box you will receive copper wire,, remote with battery, manual, Indoor and outdoor unit..No outdoor unit stand has been provid...","4.0","9 months ago","Yes","neutral"
"Blue Star 2024 Model 0 8 Ton 3 Split Inverter Ac White","itm0addbca1ef446","Very nice and effective cooling","5.0","May, 2022","Yes","positive"
"Blue Star 2024 Model 0 8 Ton 3 Split Inverter Ac White","itm0addbca1ef446","Nice Product","5.0","May, 2022","Yes","positive"
"Blue Star 2024 Model 0 8 Ton 3 Split Inverter Ac White","itm0addbca1ef446","Very good product, best price new model,Super delivery good quality material , but insulation small late otherwise I am happy5*  Buy all online only, All shopkeepers are robbed more by those who do not trust online Very Bestüëå Happy Nowüòä","5.0","May, 2022","Yes","positive"
"Blue Star 2024 Model 0 8 Ton 3 Split Inverter Ac White","itm0addbca1ef446","Nice cooling, excellent instalation by Bluestar team in my city. But company should provide longer power input cable. I'm curious about the electricity consumption!","5.0","Jul, 2022","Yes","positive"
"Blue Star 2024 Model 0 8 Ton 3 Split Inverter Ac White","itm0addbca1ef446","Superb AC in this price range1) installation is good with decent charge2)packaging and the delivery is on time3)easy access to customer care for warranty registrationMake sure u install through bluestar to avail warranty4)abt this AC ,it cools at 24 itself, no need to reduce ,for a normal 950 sqft room5)Smart options working absolutely fine ,is readily available in this ACU can use mobile app,alexa or Google assistant to on and off6)I HAVE USED ALMOST 2 MONTHS AND GIVING THIS REVIEW,...","5.0","Oct, 2023","Yes","positive"
"Blue Star 2024 Model 0 8 Ton 3 Split Inverter Ac White","itm0addbca1ef446","Very efficient, I suggest to buy this AC .","5.0","9 months ago","Yes","positive"
"Blue Star 2024 Model 0 8 Ton 3 Split Inverter Ac White","itm0addbca1ef446","Blue star makes every product great, best cooling, design, efficiency,reliable &good luck for future grow","4.0","Jul, 2022","Yes","neutral"
"Blue Star 2024 Model 0 8 Ton 3 Split Inverter Ac White","itm0addbca1ef446","Best in class... Go for it . ... Just wow","5.0","Apr, 2022","Yes","positive"
"Blue Star 2024 Model 0 8 Ton 3 Split Inverter Ac White","itm0addbca1ef446","VERY GOOD ...","5.0","Apr, 2022","Yes","positive"
"Blue Star 2024 Model 0 8 Ton 3 Split Inverter Ac White","itm0addbca1ef446","Worst installation team , very Unprofessional and very rude behavior and impolite . Have not fitted the condenser and after call to nearby service center no one came afteer 1 week also.","3.0","Jun, 2022","Yes","negative"
"Blue Star 2024 Model 0 8 Ton 3 Split Inverter Ac White","itm0addbca1ef446","Nice","4.0","7 months ago","Yes","neutral"
"Blue Star 2024 Model 0 8 Ton 3 Split Inverter Ac White","itm0addbca1ef446","Its my First Blue star ac.... And its best silent air flow.... Cool nicely energy saving and best convertible.... ü§©","5.0","Jun, 2022","Yes","positive"
"Blue Star 2024 Model 0 8 Ton 3 Split Inverter Ac White","itm0addbca1ef446","Everything is good ...but bluestar 0.8 ton ac comes only with 1 yr PCB warranty unlike Panasonic 0.8 ton ,which offer 5 yrs...kindly cross check with the seller before purchasing","5.0","4 months ago","Yes","positive"
"Blue Star 2024 Model 0 8 Ton 3 Split Inverter Ac White","itm0addbca1ef446","This AC is the best! It's working perfectly for both cooling and WiFi. And also working perfectly using goole assistant.","5.0","9 months ago","Yes","positive"
"Blue Star 2024 Model 0 8 Ton 3 Split Inverter Ac White","itm0addbca1ef446","Smart features take some time to start, specially it needs OTP from bluestar for registration of the application.","5.0","9 months ago","Yes","positive"
"Blue Star 2024 Model 0 8 Ton 3 Split Inverter Ac White","itm0addbca1ef446","Super for AC","5.0","May, 2022","Yes","positive"
"Blue Star 2024 Model 0 8 Ton 3 Split Inverter Ac White","itm0addbca1ef446","Fully happy and satisfied with this AC. I'm writing this review after using it 10 days. This AC even working best in my 170 SqFt bed room. In night time, I set it at only 40% with 24 to 27C moderated temp. In day time (Noon time) I set maximum 80% with 24C. Turbo mode cools the room within 5 to 10 minutes.","5.0","Jun, 2023","Yes","positive"
"Blue Star 2024 Model 0 8 Ton 3 Split Inverter Ac White","itm0addbca1ef446","Pros:Very solid outdoor unit and AC too.Best remote with new features, LED, Night radiant.Turning ON AC is very fast.Mobile Wifi integration.Cons:High cool option is not working properly.Connecting with Mobile is a headache process and i can able to connect only one time.It's more noise.Remote doesn't have any words.Service is not so good.","3.0","4 months ago","Yes","negative"
"Blue Star 2024 Model 0 8 Ton 3 Split Inverter Ac White","itm0addbca1ef446","very good AC Value for money,Delivery on before time, installation on timethank you Blue star and Flipkart","5.0","6 months ago","Yes","positive"
"Blue Star 2024 Model 0 8 Ton 3 Split Inverter Ac White","itm0addbca1ef446","Too Good üòä","5.0","Mar, 2023","Yes","positive"
"Blue Star 2024 Model 0 8 Ton 3 Split Inverter Ac White","itm0addbca1ef446","Delivery & Installation- Product came in safe package and delivered before promised time. The installation was also provided on the very same day without any hassle.Product- The AC is working as expected, cooling is great, airflow is proper, convertible option is also working fine, cant say about energy efficiency at this time, hoping it to be efficient. Indoor unit is very silent, while the outdoor one is little bit noisy.","5.0","Jul, 2022","Yes","positive"
"Blue Star 2024 Model 0 8 Ton 3 Split Inverter Ac White","itm0addbca1ef446","Product looks good and working fine. Got delivery on very next day by flipkart and Installation within 02 days after delivery.Only two things I am concerned about are,1. Outdoor unit makes more noise as compared to other AC's.(Blue star AC)2. There should be provision of AC servicing either by Flipkart or by service provider/installation company.Somebody should reply on this 02 poitns.Also there is no Servicing by Flipkart, while shop owners provides 03 free servicing.","3.0","May, 2022","Yes","negative"
"Blue Star 2024 Model 0 8 Ton 3 Split Inverter Ac White","itm0addbca1ef446","Product is good. Cooling is also good. In installation some improvement is required. The hole in bricks wall is not proper. They are not using the sleeve also.Over all performance is good.","4.0","May, 2022","Yes","neutral"
"Blue Star 2024 Model 0 8 Ton 3 Split Inverter Ac White","itm0addbca1ef446","It's good looking And cooling","5.0","Mar, 2023","Yes","positive"
"Blue Star 2024 Model 0 8 Ton 3 Split Inverter Ac White","itm0addbca1ef446","Fantastic product with this economic range (29990).","5.0","Jun, 2022","Yes","positive"
"Blue Star 2024 Model 0 8 Ton 3 Split Inverter Ac White","itm0addbca1ef446","Absolute class...","5.0","May, 2022","Yes","positive"
"Blue Star 2024 Model 0 8 Ton 3 Split Inverter Ac White","itm0addbca1ef446","Design is good. Leak test should be performer by leak detector spray.During installation insulation and packing is weak.Overall product is good but need few improvement to make it best.","4.0","Apr, 2022","Yes","neutral"
"Blue Star 2024 Model 0 8 Ton 3 Split Inverter Ac White","itm0addbca1ef446","It could be better if provide small items like remote holder, Rubber vibration absorb bushes and brass caps for discharge and suction tubes at outdoor unit","5.0","1 month ago","Yes","positive"
"Blue Star 2024 Model 0 8 Ton 3 Split Inverter Ac White","itm0addbca1ef446","Delivery and installation very fast good coolingI am Happy Thank you","5.0","9 months ago","Yes","positive"
"Blue Star 2024 Model 0 8 Ton 3 Split Inverter Ac White","itm0addbca1ef446","Not as expected","3.0","Jun, 2023","Yes","negative"
"Blue Star 2024 Model 0 8 Ton 3 Split Inverter Ac White","itm0addbca1ef446","Review about ic315ynuThis is 1.2 ton 2023 model not 1.3 ton,1.3 ton mention by Flipkart is wrong informationAc is good cooling fantastic, silent operation no sound indoor unit, i write review after 10 days use, 5 in 1 feature is best for power energy saving, super fast cooling, good brand bluestar delivery fast same day installation by bluestar,, i booked installation on bluestar application charge only 700 rupees, thnx Flipkart and bluestar. Two service free of first year by bluestar not ...","5.0","May, 2023","Yes","positive"
"Blue Star 2024 Model 0 8 Ton 3 Split Inverter Ac White","itm0addbca1ef446","Cooling Good but outdoor unit so much sound noising","3.0","Sep, 2022","Yes","negative"
"Blue Star 2024 Model 0 8 Ton 3 Split Inverter Ac White","itm0addbca1ef446","I found only pros as of now after 10 day's of use.. go for it nice product...","5.0","Aug, 2022","Yes","positive"
"Blue Star 2024 Model 0 8 Ton 3 Split Inverter Ac White","itm0addbca1ef446","Very good","5.0","Jul, 2022","Yes","positive"
"Blue Star 2024 Model 0 8 Ton 3 Split Inverter Ac White","itm0addbca1ef446","Love its performance, Very much recommendable.","5.0","Jun, 2022","Yes","positive"
"Blue Star 2024 Model 0 8 Ton 3 Split Inverter Ac White","itm0addbca1ef446","Supper cooling","5.0","May, 2022","Yes","positive"
"Blue Star 2024 Model 0 8 Ton 3 Split Inverter Ac White","itm0addbca1ef446","good project","5.0","10 months ago","Yes","positive"
"Blue Star 2024 Model 0 8 Ton 3 Split Inverter Ac White","itm0addbca1ef446","Good service and cooling product","5.0","Dec, 2023","Yes","positive"
"Blue Star 2024 Model 0 8 Ton 3 Split Inverter Ac White","itm0addbca1ef446","Great","5.0","Feb, 2023","Yes","positive"
"Blue Star 2024 Model 0 8 Ton 3 Split Inverter Ac White","itm0addbca1ef446","Nice","3.0","Feb, 2023","Yes","negative"
"Blue Star 2024 Model 0 8 Ton 3 Split Inverter Ac White","itm0addbca1ef446","Great AC on this price. Excellent cooling for medium size room. Fast delivery by Flipkart and fastest installation by Blue Star.","5.0","Jun, 2022","Yes","positive"
"Blue Star 2024 Model 0 8 Ton 3 Split Inverter Ac White","itm0addbca1ef446","Does instant Cooling at small rooms.Minimal noise level.Well managed energy efficiency.","5.0","May, 2022","Yes","positive"
"Blue Star 2024 Model 0 8 Ton 3 Split Inverter Ac White","itm0addbca1ef446","Don't buy noise like cooler","4.0","Apr, 2023","Yes","neutral"
"Blue Star 2024 Model 0 8 Ton 3 Split Inverter Ac White","itm0addbca1ef446","Futuristic design, perfect for medium size room. Overall good result.","4.0","Jun, 2022","Yes","neutral"
"Blue Star 2024 Model 0 8 Ton 3 Split Inverter Ac White","itm0addbca1ef446","AC awesome nice cooling ,Blue Star service installation is pathetic,","4.0","8 months ago","Yes","neutral"
"Blue Star 2024 Model 0 8 Ton 3 Split Inverter Ac White","itm0addbca1ef446","Just put in eco mode.. 2unit per night..","4.0","Apr, 2023","Yes","neutral"
"Blue Star 2024 Model 0 8 Ton 3 Split Inverter Ac White","itm0addbca1ef446","Ac cooling was good.but the installation  charges were quite high. Overall a good one.","4.0","Jul, 2022","Yes","neutral"
"Blue Star 2024 Model 0 8 Ton 3 Split Inverter Ac White","itm0addbca1ef446","Very good product","4.0","Jul, 2022","Yes","neutral"
"Blue Star 2024 Model 0 8 Ton 3 Split Inverter Ac White","itm0addbca1ef446","AC IS REALLY AMAZING AND ALSO I HAVE CONNECTED WITH WIFI AND ITS REALLY WORK SOME PEOPLE ARE GIVING REVIEW THAT THIS AC DON'T HAVE A MOBILE WIFI OR APP BUT I HAVE CONNECT IT WITH THE BLUE STAR APP AND ITS REALLY WORK AND EASY TO UNDERSTAND IN APP","4.0","9 months ago","Yes","neutral"
"Blue Star 2024 Model 0 8 Ton 3 Split Inverter Ac White","itm0addbca1ef446","Ac cooling not good","3.0","8 months ago","Yes","negative"
"Blue Star 2024 Model 0 8 Ton 3 Split Inverter Ac White","itm0addbca1ef446","Very good installation and service","5.0","Apr, 2022","Yes","positive"
"Blue Star 2024 Model 0 8 Ton 3 Split Inverter Ac White","itm0addbca1ef446","Good product, good installation, must buy","5.0","20 days ago","Yes","positive"
"Blue Star 2024 Model 0 8 Ton 3 Split Inverter Ac White","itm0addbca1ef446","Good product üëç","5.0","8 months ago","Yes","positive"
"Blue Star 2024 Model 0 8 Ton 3 Split Inverter Ac White","itm0addbca1ef446","So good üíØ","5.0","8 months ago","Yes","positive"
"Blue Star 2024 Model 0 8 Ton 3 Split Inverter Ac White","itm0addbca1ef446","Cooling is very fast!! Powerful machine.Installation process was flawless","5.0","8 months ago","Yes","positive"
"Blue Star 2024 Model 0 8 Ton 3 Split Inverter Ac White","itm0addbca1ef446","Very nice Product","5.0","10 months ago","Yes","positive"
"Blue Star 2024 Model 0 8 Ton 3 Split Inverter Ac White","itm0addbca1ef446","Awesome Product By Bluestar 1.3 ton AC for small room or Hall Room upto 150sq ft...Best Air Conditioner in Budget and great features.Go for it, if you like it. ‚ö°üíØ","5.0","Jul, 2023","Yes","positive"
"Blue Star 2024 Model 0 8 Ton 3 Split Inverter Ac White","itm0addbca1ef446","The Blue Star Y series ac with 1.3 ton split is sufficient for my 144 sq. ft. room which can cool very fast. I am happy with the purchase through Flipkart ( which is of course my favourite online shopping site). The design, looks very beautiful. However  the sound of the outdoor unit compressor should have been less.","5.0","Jun, 2023","Yes","positive"
"Blue Star 2024 Model 0 8 Ton 3 Split Inverter Ac White","itm0addbca1ef446","Good product","3.0","Aug, 2022","Yes","negative"
"Blue Star 2024 Model 0 8 Ton 3 Split Inverter Ac White","itm0addbca1ef446","Very good products","5.0","Aug, 2022","Yes","positive"
"Blue Star 2024 Model 0 8 Ton 3 Split Inverter Ac White","itm0addbca1ef446","Overall ok","5.0","Aug, 2022","Yes","positive"
"Blue Star 2024 Model 0 8 Ton 3 Split Inverter Ac White","itm0addbca1ef446","Excellent.","5.0","Jul, 2022","Yes","positive"
"Blue Star 2024 Model 0 8 Ton 3 Split Inverter Ac White","itm0addbca1ef446","Amazing ac üòª","5.0","Jul, 2022","Yes","positive"
"Blue Star 2024 Model 0 8 Ton 3 Split Inverter Ac White","itm0addbca1ef446","Awesome AC. Does the job perfectly well!","5.0","Jul, 2022","Yes","positive"
"Blue Star 2024 Model 0 8 Ton 3 Split Inverter Ac White","itm0addbca1ef446","Super awesomeüëçüëç","5.0","Jul, 2022","Yes","positive"
"Blue Star 2024 Model 0 8 Ton 3 Split Inverter Ac White","itm0addbca1ef446","Cools like manali best value for money its just that smart option for alexa is extra chargeable rest is osm waiting for electricty billüòéüëç","5.0","Jun, 2022","Yes","positive"
"Blue Star 2024 Model 0 8 Ton 3 Split Inverter Ac White","itm0addbca1ef446","Value For Money..Quick Installation","5.0","Jun, 2022","Yes","positive"
"Blue Star 2024 Model 0 8 Ton 3 Split Inverter Ac White","itm0addbca1ef446","It's too early to give review. But yes, in 2 days I can say its a good product. I bought 1.2 ton for a small room but if somebody wants faster cooling then 1.5 ton is recommended.","5.0","Jun, 2022","Yes","positive"
"Blue Star 2024 Model 0 8 Ton 3 Split Inverter Ac White","itm0addbca1ef446","Bluestar company is good.But never buy it from online.Because online product is always bad.","5.0","8 months ago","Yes","positive"
"Blue Star 2024 Model 0 8 Ton 3 Split Inverter Ac White","itm0addbca1ef446","Good coolin","4.0","9 months ago","Yes","neutral"
"Blue Star 2024 Model 0 8 Ton 3 Split Inverter Ac White","itm0addbca1ef446","Fast and easy exchange process by Flipkart.Good cooling.","4.0","9 months ago","Yes","neutral"
"Blue Star 2024 Model 0 8 Ton 3 Split Inverter Ac White","itm0addbca1ef446","SUPER 10 MINUTES 1.3 TON 3STAR 180.SQRFIT ROOM SUPER COOLING NO NOICE SUPER","5.0","8 months ago","Yes","positive"
"Blue Star 2024 Model 0 8 Ton 3 Split Inverter Ac White","itm0addbca1ef446","Love the product","5.0","9 months ago","Yes","positive"
"Blue Star 2024 Model 0 8 Ton 3 Split Inverter Ac White","itm0addbca1ef446","Too much sound coming from AC. After half an hour of continuous running ac does not make my room cold as per expectation.I am very disappointed with this AC.","1.0","Mar, 2023","Yes","negative"
"Blue Star 2024 Model 0 8 Ton 3 Split Inverter Ac White","itm0addbca1ef446","DISAPPOINTED.... NO COOLING.....seriously didn't expect this from blue star . I am giving this review after using it for a week, no cooling at all just gives air like normal old cooler fan, ran for more than 2 hours but no Cooling in room. Even in turbo its same no cooling just increased fan speed. Has lot of sound issue. Waste of money.... our 10+ year old LG 1 ton ac gives better cooling than this in 30 mins. Please don't buy this just seeing the 1.2 ton its waste of money better buy 1 ton ...","1.0","Jun, 2022","Yes","negative"
"Blue Star 2024 Model 0 8 Ton 3 Split Inverter Ac White","itm0addbca1ef446","Product is good.Cool nicely 250 sq ft room .But make little bit of noise.","4.0","9 months ago","Yes","neutral"
"Blue Star 2024 Model 0 8 Ton 3 Split Inverter Ac White","itm0addbca1ef446","It's not connecting to the Phone App","2.0","9 months ago","Yes","negative"
"Blue Star 2024 Model 0 8 Ton 3 Split Inverter Ac White","itm0addbca1ef446","I was skeptical to go for 0.8 ton for the room size of 100 Sq ft, as no ac mechanic advised to go for it but 1 ton.. yet with lot of reviews and site suggestions I went for 0.8 ton.. I was not wrong. It cools very well.. ac is vey silent as well.. overall a great pick and with good exchange value for my 10 year old AC.. SMALL YET POWERFUL","5.0","9 months ago","Yes","positive"
"Blue Star 2024 Model 0 8 Ton 3 Split Inverter Ac White","itm0addbca1ef446","Cooling is good. Vertical swing is not working.  Not recommend for this product.","3.0","9 months ago","Yes","negative"
"Blue Star 2024 Model 0 8 Ton 3 Split Inverter Ac White","itm0addbca1ef446","0.8 ton ac for small room. Compact and simple. Sufficient cooling for a small room.","5.0","9 months ago","Yes","positive"
"Blue Star 2024 Model 0 8 Ton 3 Split Inverter Ac White","itm0addbca1ef446","Nice product","5.0","9 months ago","Yes","positive"
"Blue Star 2024 Model 0 8 Ton 3 Split Inverter Ac White","itm0addbca1ef446","Very nice product.","5.0","10 months ago","Yes","positive"
"Blue Star 2024 Model 0 8 Ton 3 Split Inverter Ac White","itm0addbca1ef446","Installation party not come for due date other designed cooling are perfect but stand is not given the packed but all are good","5.0","Jun, 2023","Yes","positive"
"Blue Star 2024 Model 0 8 Ton 3 Split Inverter Ac White","itm0addbca1ef446","Very good a.c in this price ..must go for it","5.0","May, 2023","Yes","positive"
"Blue Star 2024 Model 0 8 Ton 3 Split Inverter Ac White","itm0addbca1ef446","Not good","3.0","Jun, 2022","Yes","negative"
"Blue Star 2024 Model 0 8 Ton 3 Split Inverter Ac White","itm0addbca1ef446","Ac doesn't cooling","1.0","1 day ago","Yes","negative"
"Blue Star 2024 Model 0 8 Ton 3 Split Inverter Ac White","itm0addbca1ef446","Nice","5.0","6 days ago","Yes","positive"
"Blue Star 2024 Model 0 8 Ton 3 Split Inverter Ac White","itm0addbca1ef446","Very good product","5.0","7 days ago","Yes","positive"
"Blue Star 2024 Model 0 8 Ton 3 Split Inverter Ac White","itm0addbca1ef446","Very good Ac","5.0","11 days ago","Yes","positive"
"Blue Star 2024 Model 0 8 Ton 3 Split Inverter Ac White","itm0addbca1ef446","Very bad","1.0","12 days ago","Yes","negative"
"Blue Star 2024 Model 0 8 Ton 3 Split Inverter Ac White","itm0addbca1ef446","Gas is leaking, no cooling worst blue Star ac, never purchaae","1.0","23 days ago","Yes","negative"
"Blue Star 2024 Model 0 8 Ton 3 Split Inverter Ac White","itm0addbca1ef446","Fast cooling room temparature down in 7 minutes love this product installation is so good and fast installation best service professional Technician they have","5.0","1 month ago","Yes","positive"
"Blue Star 2024 Model 0 8 Ton 3 Split Inverter Ac White","itm0addbca1ef446","Good product, good delivery, good instalation.","5.0","1 month ago","Yes","positive"
"Blue Star 2024 Model 0 8 Ton 3 Split Inverter Ac White","itm0addbca1ef446","Received defective product after 15 day wait","1.0","1 month ago","Yes","negative"
"Blue Star 2024 Model 0 8 Ton 3 Split Inverter Ac White","itm0addbca1ef446","Very good product","4.0","1 month ago","Yes","neutral"
"Blue Star 2024 Model 0 8 Ton 3 Split Inverter Ac White","itm0addbca1ef446","Cooling is not good don't go for i8","1.0","2 months ago","Yes","negative"
"Blue Star 2024 Model 0 8 Ton 3 Split Inverter Ac White","itm0addbca1ef446","Nice and great performance","5.0","2 months ago","Yes","positive"
"Blue Star 2024 Model 0 8 Ton 3 Split Inverter Ac White","itm0addbca1ef446","Sound in outdoor machine","4.0","2 months ago","Yes","neutral"
"Blue Star 2024 Model 0 8 Ton 3 Split Inverter Ac White","itm0addbca1ef446","This is very good air conditioner for living room and its cooling unit is very comfortable no noise completely smooth operation and faster cooling","5.0","2 months ago","Yes","positive"
"Glx 1008 10 W Bluetooth Tower Speaker","itm3cfdfb1649501","Good üëç","4.0","Sep, 2023","Yes","neutral"
"Glx 1008 10 W Bluetooth Tower Speaker","itm3cfdfb1649501","Good product","4.0","Nov, 2023","Yes","neutral"
"Glx 1008 10 W Bluetooth Tower Speaker","itm3cfdfb1649501","Average sound quality","3.0","May, 2022","Yes","negative"
"Glx 1008 10 W Bluetooth Tower Speaker","itm3cfdfb1649501","Ok","4.0","Aug, 2022","Yes","neutral"
"Glx 1008 10 W Bluetooth Tower Speaker","itm3cfdfb1649501","Good product","4.0","Oct, 2022","Yes","neutral"
"Glx 1008 10 W Bluetooth Tower Speaker","itm3cfdfb1649501","Very good product","5.0","8 months ago","Yes","positive"
"Glx 1008 10 W Bluetooth Tower Speaker","itm3cfdfb1649501","Nice product iam very happy üòäüòä","5.0","1 month ago","Yes","positive"
"Glx 1008 10 W Bluetooth Tower Speaker","itm3cfdfb1649501","Very nice üëå","3.0","Sep, 2023","Yes","negative"
"Glx 1008 10 W Bluetooth Tower Speaker","itm3cfdfb1649501","Very disappointed. Very low quality product.","1.0","Oct, 2021","Yes","negative"
"Glx 1008 10 W Bluetooth Tower Speaker","itm3cfdfb1649501","Good","4.0","Nov, 2023","Yes","neutral"
"Glx 1008 10 W Bluetooth Tower Speaker","itm3cfdfb1649501","Very bad","2.0","30 days ago","Yes","negative"
"Glx 1008 10 W Bluetooth Tower Speaker","itm3cfdfb1649501","Very nice","5.0","19 days ago","Yes","positive"
"Glx 1008 10 W Bluetooth Tower Speaker","itm3cfdfb1649501","Veery good","5.0","Oct, 2023","Yes","positive"
"Glx 1008 10 W Bluetooth Tower Speaker","itm3cfdfb1649501","Nice","5.0","Oct, 2022","Yes","positive"
"Glx 1008 10 W Bluetooth Tower Speaker","itm3cfdfb1649501","Very nice DJ","5.0","Mar, 2023","Yes","positive"
"Glx 1008 10 W Bluetooth Tower Speaker","itm3cfdfb1649501","Good","5.0","Sep, 2022","Yes","positive"
"Glx 1008 10 W Bluetooth Tower Speaker","itm3cfdfb1649501","Best","5.0","10 months ago","Yes","positive"
"Glx 1008 10 W Bluetooth Tower Speaker","itm3cfdfb1649501","Good","5.0","Jun, 2022","Yes","positive"
"Glx 1008 10 W Bluetooth Tower Speaker","itm3cfdfb1649501","Design","4.0","19 days ago","Yes","neutral"
"Glx 1008 10 W Bluetooth Tower Speaker","itm3cfdfb1649501","It is buffer speaker anything volume problem","4.0","11 months ago","Yes","neutral"
"Glx 1008 10 W Bluetooth Tower Speaker","itm3cfdfb1649501","Nice üëç","5.0","10 months ago","Yes","positive"
"Glx 1008 10 W Bluetooth Tower Speaker","itm3cfdfb1649501","Very nice good sound","5.0","Apr, 2023","Yes","positive"
"Glx 1008 10 W Bluetooth Tower Speaker","itm3cfdfb1649501","Very bad product , please not waste your money","1.0","Jun, 2022","Yes","negative"
"Glx 1008 10 W Bluetooth Tower Speaker","itm3cfdfb1649501","Nice","5.0","Dec, 2022","Yes","positive"
"Glx 1008 10 W Bluetooth Tower Speaker","itm3cfdfb1649501","This worst product . It's not value for money . You want to buy this so I recrument that don't buy this product because fit and finish problem this product wire is bad qaulity","1.0","Jan, 2023","Yes","negative"
"Glx 1008 10 W Bluetooth Tower Speaker","itm3cfdfb1649501","Very bad speaker üîá Don't Buy this Speaker üîäüîá","1.0","8 months ago","Yes","negative"
"Glx 1008 10 W Bluetooth Tower Speaker","itm3cfdfb1649501","Sound is gone ü§¨","1.0","Jul, 2023","Yes","negative"
"Glx 1008 10 W Bluetooth Tower Speaker","itm3cfdfb1649501","Thank you","5.0","15 days ago","Yes","positive"
"Glx 1008 10 W Bluetooth Tower Speaker","itm3cfdfb1649501","Nice üëçüëç","5.0","1 month ago","Yes","positive"
"Glx 1008 10 W Bluetooth Tower Speaker","itm3cfdfb1649501","Super hai super","5.0","2 months ago","Yes","positive"
"Glx 1008 10 W Bluetooth Tower Speaker","itm3cfdfb1649501","It's a very nice to enjoy and very easy to connect and also many functions to","5.0","4 months ago","Yes","positive"
"Glx 1008 10 W Bluetooth Tower Speaker","itm3cfdfb1649501","Very nice","5.0","8 months ago","Yes","positive"
"Glx 1008 10 W Bluetooth Tower Speaker","itm3cfdfb1649501","Very nice üëåüëå","5.0","8 months ago","Yes","positive"
"Glx 1008 10 W Bluetooth Tower Speaker","itm3cfdfb1649501","Very nice","5.0","Jan, 2023","Yes","positive"
"Glx 1008 10 W Bluetooth Tower Speaker","itm3cfdfb1649501","Very bad. Sound is coming badly and not crisp.","2.0","23 days ago","Yes","negative"
"Glx 1008 10 W Bluetooth Tower Speaker","itm3cfdfb1649501","Very bad","1.0","23 days ago","Yes","negative"
"Glx 1008 10 W Bluetooth Tower Speaker","itm3cfdfb1649501","4day  ment problem no music system stop","1.0","24 days ago","Yes","negative"
"Glx 1008 10 W Bluetooth Tower Speaker","itm3cfdfb1649501","Its nice product when they replace fault speaker","5.0","28 days ago","Yes","positive"
"Glx 1008 10 W Bluetooth Tower Speaker","itm3cfdfb1649501","Nice","4.0","28 days ago","Yes","neutral"
"Glx 1008 10 W Bluetooth Tower Speaker","itm3cfdfb1649501","Very good","5.0","1 month ago","Yes","positive"
"Glx 1008 10 W Bluetooth Tower Speaker","itm3cfdfb1649501","Product is good","5.0","1 month ago","Yes","positive"
"Glx 1008 10 W Bluetooth Tower Speaker","itm3cfdfb1649501","Very poor","1.0","1 month ago","Yes","negative"
"Glx 1008 10 W Bluetooth Tower Speaker","itm3cfdfb1649501","Not buy","2.0","1 month ago","Yes","negative"
"Glx 1008 10 W Bluetooth Tower Speaker","itm3cfdfb1649501","Waste of money. Dosent working","1.0","1 month ago","Yes","negative"
"Glx 1008 10 W Bluetooth Tower Speaker","itm3cfdfb1649501","Music sound problem","1.0","1 month ago","Yes","negative"
"Glx 1008 10 W Bluetooth Tower Speaker","itm3cfdfb1649501","Not good","1.0","1 month ago","Yes","negative"
"Glx 1008 10 W Bluetooth Tower Speaker","itm3cfdfb1649501","Bad product","2.0","1 month ago","Yes","negative"
"Glx 1008 10 W Bluetooth Tower Speaker","itm3cfdfb1649501","Best","4.0","1 month ago","Yes","neutral"
"Glx 1008 10 W Bluetooth Tower Speaker","itm3cfdfb1649501","Bad product.dont purchase.waste money.produt wa.....ste...........","1.0","2 months ago","Yes","negative"
"Glx 1008 10 W Bluetooth Tower Speaker","itm3cfdfb1649501","Very bad pr","1.0","2 months ago","Yes","negative"
"Glx 1008 10 W Bluetooth Tower Speaker","itm3cfdfb1649501","Good product","5.0","3 months ago","Yes","positive"
"Glx 1008 10 W Bluetooth Tower Speaker","itm3cfdfb1649501","Best quality and best design","4.0","3 months ago","Yes","neutral"
"Glx 1008 10 W Bluetooth Tower Speaker","itm3cfdfb1649501","V nice","5.0","3 months ago","Yes","positive"
"Glx 1008 10 W Bluetooth Tower Speaker","itm3cfdfb1649501","No saund","1.0","3 months ago","Yes","negative"
"Glx 1008 10 W Bluetooth Tower Speaker","itm3cfdfb1649501","Ok","5.0","3 months ago","Yes","positive"
"Glx 1008 10 W Bluetooth Tower Speaker","itm3cfdfb1649501","Blutooth not connected","1.0","3 months ago","Yes","negative"
"Glx 1008 10 W Bluetooth Tower Speaker","itm3cfdfb1649501","Very bed all quality","1.0","4 months ago","Yes","negative"
"Glx 1008 10 W Bluetooth Tower Speaker","itm3cfdfb1649501","This product is very bad please exchange this product.. Product is not working","2.0","4 months ago","Yes","negative"
"Glx 1008 10 W Bluetooth Tower Speaker","itm3cfdfb1649501","Bad sound quality","2.0","4 months ago","Yes","negative"
"Glx 1008 10 W Bluetooth Tower Speaker","itm3cfdfb1649501","Sound quality very bad","2.0","4 months ago","Yes","negative"
"Glx 1008 10 W Bluetooth Tower Speaker","itm3cfdfb1649501","Super","5.0","4 months ago","Yes","positive"
"Glx 1008 10 W Bluetooth Tower Speaker","itm3cfdfb1649501","Nice","5.0","4 months ago","Yes","positive"
"Glx 1008 10 W Bluetooth Tower Speaker","itm3cfdfb1649501","This product was very worst product","1.0","5 months ago","Yes","negative"
"Glx 1008 10 W Bluetooth Tower Speaker","itm3cfdfb1649501","Good pro","5.0","5 months ago","Yes","positive"
"Glx 1008 10 W Bluetooth Tower Speaker","itm3cfdfb1649501","Good item product","5.0","5 months ago","Yes","positive"
"Glx 1008 10 W Bluetooth Tower Speaker","itm3cfdfb1649501","Good very nice","5.0","5 months ago","Yes","positive"
"Glx 1008 10 W Bluetooth Tower Speaker","itm3cfdfb1649501","Really Good Product And Best Price","5.0","6 months ago","Yes","positive"
"Glx 1008 10 W Bluetooth Tower Speaker","itm3cfdfb1649501","This is prudent super","5.0","6 months ago","Yes","positive"
"Glx 1008 10 W Bluetooth Tower Speaker","itm3cfdfb1649501","speaker not good","2.0","7 months ago","Yes","negative"
"Glx 1008 10 W Bluetooth Tower Speaker","itm3cfdfb1649501","Very low quality products my suggestion is don't buy this product","1.0","7 months ago","Yes","negative"
"Glx 1008 10 W Bluetooth Tower Speaker","itm3cfdfb1649501","Very bad product","1.0","7 months ago","Yes","negative"
"Glx 1008 10 W Bluetooth Tower Speaker","itm3cfdfb1649501","Very good","5.0","7 months ago","Yes","positive"
"Glx 1008 10 W Bluetooth Tower Speaker","itm3cfdfb1649501","Very good quality.","4.0","8 months ago","Yes","neutral"
"Glx 1008 10 W Bluetooth Tower Speaker","itm3cfdfb1649501","Very bad new musicbad","1.0","8 months ago","Yes","negative"
"Glx 1008 10 W Bluetooth Tower Speaker","itm3cfdfb1649501","The sound system is not working","1.0","8 months ago","Yes","negative"
"Glx 1008 10 W Bluetooth Tower Speaker","itm3cfdfb1649501","Very bed quality","1.0","9 months ago","Yes","negative"
"Glx 1008 10 W Bluetooth Tower Speaker","itm3cfdfb1649501","This product is not good","1.0","9 months ago","Yes","negative"
"Glx 1008 10 W Bluetooth Tower Speaker","itm3cfdfb1649501","bad","1.0","9 months ago","Yes","negative"
"Glx 1008 10 W Bluetooth Tower Speaker","itm3cfdfb1649501","Not a good prodoct","1.0","9 months ago","Yes","negative"
"Glx 1008 10 W Bluetooth Tower Speaker","itm3cfdfb1649501","Very good","5.0","9 months ago","Yes","positive"
"Glx 1008 10 W Bluetooth Tower Speaker","itm3cfdfb1649501","Best","5.0","10 months ago","Yes","positive"
"Glx 1008 10 W Bluetooth Tower Speaker","itm3cfdfb1649501","Not a good product","3.0","10 months ago","Yes","negative"
"Glx 1008 10 W Bluetooth Tower Speaker","itm3cfdfb1649501","Waste of money","1.0","10 months ago","Yes","negative"
"Glx 1008 10 W Bluetooth Tower Speaker","itm3cfdfb1649501","Very very waste your products","1.0","10 months ago","Yes","negative"
"Glx 1008 10 W Bluetooth Tower Speaker","itm3cfdfb1649501","Very bad product","2.0","10 months ago","Yes","negative"
"Glx 1008 10 W Bluetooth Tower Speaker","itm3cfdfb1649501","Very bad sound","1.0","10 months ago","Yes","negative"
"Glx 1008 10 W Bluetooth Tower Speaker","itm3cfdfb1649501","Worst product don't buy any parson","3.0","10 months ago","Yes","negative"
"Glx 1008 10 W Bluetooth Tower Speaker","itm3cfdfb1649501","Oneplus mobile","5.0","11 months ago","Yes","positive"
"Glx 1008 10 W Bluetooth Tower Speaker","itm3cfdfb1649501","Not connected in led TV","2.0","11 months ago","Yes","negative"
"Glx 1008 10 W Bluetooth Tower Speaker","itm3cfdfb1649501","Very good speaker","5.0","11 months ago","Yes","positive"
"Glx 1008 10 W Bluetooth Tower Speaker","itm3cfdfb1649501","Although the product is good, the rate is too heavy.","5.0","11 months ago","Yes","positive"
"Glx 1008 10 W Bluetooth Tower Speaker","itm3cfdfb1649501","Not good product","1.0","Feb, 2024","Yes","negative"
"Glx 1008 10 W Bluetooth Tower Speaker","itm3cfdfb1649501","Very poor quality üò¢. according to money price is very high and quality is very poor","1.0","Jan, 2024","Yes","negative"
"Glx 1008 10 W Bluetooth Tower Speaker","itm3cfdfb1649501","Bad quality  not Recesponcs flipkart  sounds not working","1.0","Jan, 2024","Yes","negative"
"Glx 1008 10 W Bluetooth Tower Speaker","itm3cfdfb1649501","Not supply and remote not working","1.0","Jan, 2024","Yes","negative"
"Glx 1008 10 W Bluetooth Tower Speaker","itm3cfdfb1649501","Good","5.0","Jan, 2024","Yes","positive"
"Glx 1008 10 W Bluetooth Tower Speaker","itm3cfdfb1649501","Good","5.0","Jan, 2024","Yes","positive"
"Glx 1008 10 W Bluetooth Tower Speaker","itm3cfdfb1649501","Bad product","1.0","Dec, 2023","Yes","negative"
"Glx 1008 10 W Bluetooth Tower Speaker","itm3cfdfb1649501","Sup","5.0","Dec, 2023","Yes","positive"
"Glx 1008 10 W Bluetooth Tower Speaker","itm3cfdfb1649501","Not warking in thish spikar","1.0","Dec, 2023","Yes","negative"
